{
    "uColorChangeDistances": [
        0.144999995827674866,
        0.462000012397766113,
        0.611999988555908203,
        1.0
    ],
    "uColors": [
        [
            9.99999997475242708e-07,
            9.99989993033523206e-07,
            9.99989993033523206e-07
        ],
        [
            0.890426516532897949,
            1.0,
            0.534313738346099854
        ],
        [
            0.0,
            0.583923876285552979,
            0.735294103622436523
        ],
        [
            0.593131303787231445,
            0.593137264251708984,
            0.593133032321929932
        ],
        [
            0.0039215688593685627,
            0.0039215688593685627,
            0.0039215688593685627
        ]
    ],
    "uFluffNoiseEffect": 0.0179999992251396179,
    "uFluffNoiseLocality": 322.709014892578125,
    "uMixinColorEffect": 0.107000000774860382,
    "uMixinColors": [
        [
            1.0,
            1.0,
            1.0
        ],
        [
            9.99999997475242708e-07,
            9.99989993033523206e-07,
            9.99989993033523206e-07
        ]
    ],
    "uMixinLocality": 1.24100005626678467,
    "uNumPatterns": 1.1950000524520874,
    "uScale": [
        -1.5700000524520874,
        1.90100002288818359
    ]
}