{
    "uColorChangeDistances": [
        0.172000005841255188,
        0.45199999213218689,
        0.586000025272369385,
        1.0
    ],
    "uColors": [
        [
            9.99999997475242708e-07,
            9.99989993033523206e-07,
            9.99989993033523206e-07
        ],
        [
            0.890426516532897949,
            1.0,
            0.534313738346099854
        ],
        [
            0.0,
            0.583923876285552979,
            0.735294103622436523
        ],
        [
            0.593131303787231445,
            0.593137264251708984,
            0.593133032321929932
        ],
        [
            0.0039215688593685627,
            0.0039215688593685627,
            0.0039215688593685627
        ]
    ],
    "uFluffChangeSpeed": 7.03399991989135742,
    "uFluffDisplacementFactor": 0.697000026702880859,
    "uFluffLocality": 56.8969993591308594,
    "uMixinColorEffect": 0.0900000035762786865,
    "uMixinColors": [
        [
            1.0,
            1.0,
            1.0
        ],
        [
            9.99999997475242708e-07,
            9.99989993033523206e-07,
            9.99989993033523206e-07
        ]
    ],
    "uMixinLocality": 239.654998779296875,
    "uNumPatterns": 2.96600008010864258
}